Luca,Stefanutti,luca.stefanutti@hotmail.com,more pages,"['animations', 'contact/about', 'whnews']",3,meow
Luca,Stefanutti,luca.stefanutti@hotmail.com,more pages,"['animations', 'forums', 'contact/about']",5,poop
Luca,Stefanutti,luca.stefanutti@hotmail.com,style,['animations'],5,ppp
Luca,Stefanutti,layout,"['animations', 'forums']",Rating of 5,5,lol
Luca,Stefanutti,luca.stefanutti@hotmail.com,layout,"['animations', 'forums']",Rating of 5,5,lol
Luca,Stefanutti,luca.stefanutti@hotmail.com,layout,['fan art'],Rating of 5,4,lol
